{
  "Hello, good morning!": {
    "hi-IN": {
      "translated_text": "नमस्ते, नमस्ते!"
    },
    "bn-IN": {
      "translated_text": "হ্যালো, শুভ সকাল!"
    },
    "gu-IN": {
      "translated_text": "નમસ્તે, ગુડ મોર્નિંગ!"
    },
    "kn-IN": {
      "translated_text": "ಹಲೋ, ಶುಭೋದಯ!"
    },
    "ml-IN": {
      "translated_text": "ഹലോ, ഗുഡ് മോണിംഗ്!"
    },
    "mr-IN": {
      "translated_text": "नमस्कार, शुभ सकाळ!"
    },
    "od-IN": {
      "translated_text": "ନମସ୍କାର, ଶୁଭ ସକାଳ!"
    },
    "pa-IN": {
      "translated_text": "ਸਤ ਸ਼੍ਰੀ ਅਕਾਲ, good morning!"
    },
    "ta-IN": {
      "translated_text": "வணக்கம், காலை வணக்கம்!"
    },
    "te-IN": {
      "translated_text": "హలో, శుభోదయం!"
    }
  },
  "I am learning NLP and AI.": {
    "hi-IN": {
      "translated_text": "मैं NLP और AI सीख रहा हूँ।"
    },
    "bn-IN": {
      "translated_text": "আমি NLP আর AI শিখছি।"
    },
    "gu-IN": {
      "translated_text": "હું NLP અને AI શીખી રહ્યો છું."
    },
    "kn-IN": {
      "translated_text": "ನಾನು NLP ಮತ್ತು AI ಕಲ್ತಾ ಇದ್ದೀನಿ."
    },
    "ml-IN": {
      "translated_text": "ഞാൻ NLP-യും AI-യും പഠിക്കുകയാണ്."
    },
    "mr-IN": {
      "translated_text": "मी NLP आणि AI शिकतो आहे."
    },
    "od-IN": {
      "translated_text": "ମୁଁ NLP ଏବଂ AI ଶିଖୁଛି।"
    },
    "pa-IN": {
      "translated_text": "ਮੈਂ NLP ਅਤੇ AI ਸਿੱਖ ਰਿਹਾ ਹਾਂ।"
    },
    "ta-IN": {
      "translated_text": "நான் NLP-யும் AI-யும் கத்துக்கிட்டு இருக்கேன்."
    },
    "te-IN": {
      "translated_text": "నేను NLP, AI నేర్చుకుంటున్నాను."
    }
  },
  "Please help me with my project.": {
    "hi-IN": {
      "translated_text": "क्या आप ज़रा मेरे project में मदद कर सकते हैं?"
    },
    "bn-IN": {
      "translated_text": "আমার project-এ একটু সাহায্য করবেন?"
    },
    "gu-IN": {
      "translated_text": "મારા project-માં મદદ કરશો please."
    },
    "kn-IN": {
      "translated_text": "ದಯವಿಟ್ಟು ನನ್ನ project-ನಲ್ಲಿ ನನಗೆ ಸಹಾಯ ಮಾಡಿ."
    },
    "ml-IN": {
      "translated_text": "എന്റെ project-ൽ ഒന്ന് സഹായിക്കാമോ?"
    },
    "mr-IN": {
      "translated_text": "माझ्या project-मध्ये मदत कराल का?"
    },
    "od-IN": {
      "translated_text": "Please ମୋର project-ରେ ସାହାଯ୍ୟ କରନ୍ତୁ।"
    },
    "pa-IN": {
      "translated_text": "ਕੀ ਤੁਸੀਂ ਮੈਨੂੰ ਆਪਣੇ project ਵਿੱਚ ਮਦਦ ਕਰ ਸਕਦੇ ਹੋ?"
    },
    "ta-IN": {
      "translated_text": "என் project-க்கு கொஞ்சம் உதவி பண்ணுங்க."
    },
    "te-IN": {
      "translated_text": "దయచేసి నా project-లో నాకు సహాయం చేయగలరా?"
    }
  }
}